file,Actual Defect,Predicted Defect
BoltHead0_0.33011387628828515_N-T2-20231211-CRH380AL2611-02-B-01-R-GCGJ-02-11.jpg,False,False
BoltHead0_0.3349077066132987_N-T2-20231212-CRH380AL2611-02-B-01-R-GCGJ-02-11.jpg,False,False
BoltHead0_0.3352038442290181_N-T2-20231212-CRH380AL2611-02-B-01-R-GCGJ-02-11.jpg,False,False
BoltHead0_0.33603388336504636_N-T2-20231211-CRH380AL2611-02-B-01-R-GCGJ-02-11.jpg,False,False
BoltHead0_0.33682465277703616_N-T2-20231212-CRH380AL2611-02-B-01-R-GCGJ-02-11.jpg,False,False
BoltHead0_0.3372740029059855_N-T2-20231226-CRH380AL2632-02-A-01-L-GCGJ-02-08.jpg,False,False
BoltHead0_0.33880737179246195_N-T1-20231220-CRH380AL2614-03-B-02-R-GCGJ-02-08.jpg,False,False
BoltHead0_0.3401346029588098_N-T1-20231222-CRH380AL2614-07-B-02-R-GCGJ-02-08.jpg,False,False
BoltHead0_0.3404058742687296_N-T2-20231220-CRH380AL2614-03-A-01-L-GCGJ-02-08.jpg,False,False
BoltHead0_0.34332952838562625_N-T2-20231220-CRH380AL2632-01-B-01-0-TCZD-04-12.jpg,False,False
BoltHead0_0.3460648471038912_N-T1-20231220-CRH380AL2632-03-B-02-R-GCGJ-02-08.jpg,False,False
BoltHead0_0.34751872422611324_N-T1-20240112-CRH380AL2584-06-B-02-L-GCGJ-02-08.jpg,False,False
BoltHead0_0.3480481571484352_N-T2-20231226-CRH380AL2632-02-B-01-R-GCGJ-02-11.jpg,False,False
BoltHead0_0.3511487105890927_N-T2-20231220-CRH380AL2632-02-B-01-R-GCGJ-02-11.jpg,False,False
BoltHead0_0.3529293505136089_N-T2-20231222-CRH380AL2614-06-A-01-L-GCGJ-02-08.jpg,False,False
BoltHead0_0.35551197438206145_N-T2-20240112-CRH380AL2584-02-A-01-L-GCGJ-02-08.jpg,False,False
BoltHead0_0.35637022458458995_N-T2-20231212-CRH380AL2611-02-B-01-R-GCGJ-02-11.jpg,False,False
BoltHead0_0.35726296585023254_N-T1-20231220-CRH380AL2614-02-B-02-R-GCGJ-02-08.jpg,False,False
BoltHead0_0.35766995135268714_N-T1-20231222-CRH380AL2614-06-B-02-R-GCGJ-02-08.jpg,False,False
BoltHead0_0.35777024150847486_N-T1-20240112-CRH380AL2584-07-B-02-L-GCGJ-02-08.jpg,False,False
BoltHead0_0.3607960684871418_N-T2-20231222-CRH380AL2614-01-B-01-0-TCZD-04-12.jpg,False,False
BoltHead0_0.3655745153421127_N-T2-20231220-CRH380AL2614-05-A-01-L-GCGJ-02-08.jpg,False,False
BoltHead0_0.3663614588983916_N-T2-20231222-CRH380AL2614-03-A-01-L-GCGJ-02-08.jpg,False,False
BoltHead0_0.3681061979172848_N-T2-20231211-CRH380AL2611-07-B-01-R-GCGJ-02-11.jpg,False,False
BoltHead0_0.3708652159259269_N-T2-20231213-CRH380AL2611-01-B-01-0-TCZD-04-12.jpg,False,False
BoltHead0_0.3717881440782745_N-T1-20231226-CRH380AL2632-08-B-02-R-GCGJ-02-08.jpg,False,False
BoltHead0_0.3738534743997966_N-T1-20231220-CRH380AL2614-07-B-02-R-GCGJ-02-08.jpg,False,False
BoltHead0_0.3747314390681692_N-T2-20231212-CRH380AL2611-07-B-01-R-GCGJ-02-11.jpg,False,False
BoltHead0_0.37504918004464444_N-T1-20240112-CRH380AL2584-02-B-02-L-GCGJ-02-08.jpg,False,False
BoltHead0_0.37628415280204447_N-T1-20240112-CRH380AL2584-04-B-02-L-GCGJ-02-08.jpg,False,False
BoltHead0_0.3780723460876294_N-T2-20231213-CRH380AL2611-07-B-01-R-GCGJ-02-11.jpg,False,False
BoltHead0_0.37840846065420386_N-T1-20231222-CRH380AL2614-05-B-02-R-GCGJ-02-08.jpg,False,False
BoltHead0_0.3794829184794849_N-T2-20231220-CRH380AL2614-08-A-01-L-GCGJ-02-08.jpg,False,False
BoltHead0_0.37964519093831267_N-T2-20231220-CRH380AL2632-03-A-01-L-GCGJ-02-08.jpg,False,False
BoltHead0_0.38428011965579767_N-T2-20231220-CRH380AL2632-07-A-01-L-GCGJ-02-08.jpg,False,False
BoltHead0_0.38611628528879144_N-T1-20231220-CRH380AL2632-08-B-02-R-GCGJ-02-08.jpg,False,False
BoltHead0_0.3876394893773108_N-T2-20231222-CRH380AL2614-08-A-01-L-GCGJ-02-08.jpg,False,False
BoltHead0_0.38815920193145337_N-T2-20231220-CRH380AL2632-07-B-01-R-GCGJ-02-11.jpg,False,False
BoltHead0_0.38867201440360327_N-T1-20231212-CRH380AL2611-02-B-02-R-GCGJ-02-08.jpg,False,False
BoltHead0_0.3891644736319987_N-T2-20231211-CRH380AL2611-07-B-01-R-GCGJ-02-11.jpg,False,False
BoltHead0_0.38973579136776215_N-T2-20231211-CRH380AL2611-07-B-01-R-GCGJ-02-11.jpg,False,False
BoltHead0_0.389822025337775_N-T1-20231220-CRH380AL2614-04-B-02-R-GCGJ-02-08.jpg,False,False
BoltHead0_0.3915420164377918_N-T1-20231211-CRH380AL2611-02-B-02-R-GCGJ-02-08.jpg,False,False
BoltHead0_0.39189735479394855_N-T1-20231212-CRH380AL2611-03-B-02-R-GCGJ-02-08.jpg,False,False
BoltHead0_0.3928110974319159_N-T1-20231211-CRH380AL2611-03-B-02-R-GCGJ-02-08.jpg,False,False
BoltHead0_0.393050052016121_N-T2-20240112-CRH380AL2584-07-A-01-L-GCGJ-02-08.jpg,False,False
BoltHead0_0.3940051134993917_N-T2-20231220-CRH380AL2614-01-B-01-0-TCZD-04-12.jpg,False,False
BoltHead0_0.39463270901464664_N-T2-20231212-CRH380AL2611-07-B-01-R-GCGJ-02-11.jpg,False,False
BoltHead0_0.3950210273563929_N-T2-20231212-CRH380AL2611-07-B-01-R-GCGJ-02-11.jpg,False,False
BoltHead0_0.3952874397672824_N-T2-20231212-CRH380AL2611-07-B-01-R-GCGJ-02-11.jpg,False,False
BoltHead0_0.39560773311108605_N-T2-20231218-CRH380AL2636-08-A-01-L-GCGJ-02-08.jpg,False,False
BoltHead0_0.39587027747406117_N-T1-20231220-CRH380AL2614-06-B-02-R-GCGJ-02-08.jpg,False,False
BoltHead0_0.3963391344899212_N-T1-20231212-CRH380AL2611-03-B-02-R-GCGJ-02-08.jpg,False,False
BoltHead0_0.3971097134709671_N-T1-20231211-CRH380AL2611-03-B-02-R-GCGJ-02-08.jpg,False,False
BoltHead0_0.3977211667729925_N-T1-20240112-CRH380AL2584-05-B-02-L-GCGJ-02-08.jpg,False,False
BoltHead0_0.39838967810861753_N-T1-20231213-CRH380AL2611-03-B-02-R-GCGJ-02-08.jpg,False,False
BoltHead0_0.3994348526950923_N-T2-20240112-CRH380AL2584-08-A-01-L-GCGJ-02-08.jpg,False,False
BoltHead0_0.39970495103089093_N-T1-20231213-CRH380AL2611-02-B-02-R-GCGJ-02-08.jpg,False,False
BoltHead0_0.3999473156188042_N-T2-20231212-CRH380AL2611-07-B-01-R-GCGJ-02-11.jpg,False,False
BoltHead0_0.4025291807160756_N-T1-20231211-CRH380AL2611-02-B-02-R-GCGJ-02-08.jpg,False,False
BoltHead0_0.40274705575135294_N-T2-20231211-CRH380AL2611-02-A-01-L-GCGJ-02-08.jpg,False,False
BoltHead0_0.40355476920644023_N-T1-20231226-CRH380AL2632-06-B-02-R-GCGJ-02-08.jpg,False,False
BoltHead0_0.40360356348138776_N-T1-20231212-CRH380AL2611-02-B-02-R-GCGJ-02-08.jpg,False,False
BoltHead0_0.4036398186573974_N-T2-20231220-CRH380AL2614-05-B-01-L-GCGJ-02-08.jpg,False,False
BoltHead0_0.4042558467900574_N-T1-20231212-CRH380AL2611-05-B-02-R-GCGJ-02-08.jpg,False,False
BoltHead0_0.40643331675798633_N-T2-20240112-CRH380AL2584-04-A-01-L-GCGJ-02-08.jpg,False,False
BoltHead0_0.40749872775357715_N-T1-20231213-CRH380AL2611-06-B-02-R-GCGJ-02-08.jpg,False,False
BoltHead0_0.40801543496286147_N-T1-20240112-CRH380AL2584-03-B-02-L-GCGJ-02-08.jpg,False,False
BoltHead0_0.4085564163394232_N-T1-20231211-CRH380AL2611-04-B-02-R-GCGJ-02-08.jpg,False,False
BoltHead0_0.408858858801237_N-T1-20231213-CRH380AL2583-06-B-02-R-GCGJ-02-08.jpg,False,False
BoltHead0_0.409302410834218_N-T2-20231212-CRH380AL2611-02-A-01-L-GCGJ-02-08.jpg,False,False
BoltHead0_0.40944059296766244_N-T1-20231220-CRH380AL2632-02-B-02-R-GCGJ-02-08.jpg,False,False
BoltHead0_0.40945048955815566_N-T1-20240112-CRH380AL2584-08-B-02-L-GCGJ-02-08.jpg,False,False
BoltHead0_0.4097372675230745_N-T2-20231220-CRH380AL2632-04-A-01-L-GCGJ-02-08.jpg,False,False
BoltHead0_0.4101062850258874_N-T2-20231212-CRH380AL2611-02-A-01-L-GCGJ-02-08.jpg,False,False
BoltHead0_0.4106443531369223_N-T1-20231226-CRH380AL2632-07-B-02-R-GCGJ-02-08.jpg,False,False
BoltHead0_0.4111969664889588_N-T2-20231212-CRH380AL2611-02-A-01-L-GCGJ-02-08.jpg,False,False
BoltHead0_0.411265165361108_N-T1-20231212-CRH380AL2611-02-B-02-R-GCGJ-02-08.jpg,False,False
BoltHead0_0.411867449667564_N-T1-20231212-CRH380AL2611-02-B-02-R-GCGJ-02-08.jpg,False,False
BoltHead0_0.41210914773080354_N-T2-20231212-CRH380AL2611-02-A-01-L-GCGJ-02-08.jpg,False,False
BoltHead0_0.4125079775630508_N-T2-20231211-CRH380AL2611-01-B-01-0-TCZD-04-12.jpg,False,False
BoltHead0_0.41250932250697436_N-T1-20231211-CRH380AL2611-04-B-02-R-GCGJ-02-08.jpg,False,False
BoltHead0_0.41389345297810637_N-T1-20231212-CRH380AL2611-06-B-02-R-GCGJ-02-08.jpg,False,False
BoltHead0_0.41420301433051654_N-T1-20231212-CRH380AL2611-04-B-02-R-GCGJ-02-08.jpg,False,False
BoltHead0_0.4144771393144793_N-T2-20231211-CRH380AL2611-01-B-01-0-TCZD-04-12.jpg,False,False
BoltHead0_0.4153923123737837_N-T1-20231211-CRH380AL2611-08-B-02-R-GCGJ-02-08.jpg,False,False
BoltHead0_0.4159385821697846_N-T2-20231211-CRH380AL2611-07-A-01-L-GCGJ-02-08.jpg,False,False
BoltHead0_0.4174406111921516_N-T1-20231213-CRH380AL2611-05-B-02-R-GCGJ-02-08.jpg,False,False
BoltHead0_0.4174632530227828_N-T2-20231211-CRH380AL2611-01-B-01-0-TCZD-04-12.jpg,False,False
BoltHead0_0.4190450763465063_N-T2-20231212-CRH380AL2611-03-A-01-L-GCGJ-02-08.jpg,False,False
BoltHead0_0.41929146991215954_N-T2-20240112-CRH380AL2584-02-B-01-L-GCGJ-02-08.jpg,False,False
BoltHead0_0.41962495497068386_N-T1-20231220-CRH380AL2632-07-B-02-R-GCGJ-02-08.jpg,False,False
BoltHead0_0.4199733427656701_N-T2-20231220-CRH380AL2632-08-A-01-L-GCGJ-02-08.jpg,False,False
BoltHead0_0.42046171997674947_N-T1-20231212-CRH380AL2611-06-B-02-R-GCGJ-02-08.jpg,False,False
BoltHead0_0.42106258944526376_N-T1-20231212-CRH380AL2611-06-B-02-R-GCGJ-02-08.jpg,False,False
BoltHead0_0.421300860759841_N-T2-20231212-CRH380AL2611-03-A-01-L-GCGJ-02-08.jpg,False,False
BoltHead0_0.4244355392181657_N-T1-20231211-CRH380AL2611-05-B-02-R-GCGJ-02-08.jpg,False,False
BoltHead0_0.4249935229903308_N-T2-20231212-CRH380AL2611-04-A-01-L-GCGJ-02-08.jpg,False,False
BoltHead0_0.42545275582130804_N-T2-20240112-CRH380AL2584-05-A-01-L-GCGJ-02-08.jpg,False,False
BoltHead0_0.4256152217774925_N-T2-20231212-CRH380AL2611-04-A-01-L-GCGJ-02-08.jpg,False,False
BoltHead0_0.42681495534871944_N-T2-20231212-CRH380AL2611-03-A-01-L-GCGJ-02-08.jpg,False,False
BoltHead0_0.42684087171503526_N-T2-20240112-CRH380AL2584-06-A-01-L-GCGJ-02-08.jpg,False,False
BoltHead0_0.4275085626482504_N-T2-20231213-CRH380AL2611-05-A-01-L-GCGJ-02-08.jpg,False,False
BoltHead0_0.4275918726491789_N-T1-20231211-CRH380AL2611-05-B-02-R-GCGJ-02-08.jpg,False,False
BoltHead0_0.4276547602278692_N-T2-20231212-CRH380AL2611-04-A-01-L-GCGJ-02-08.jpg,False,False
BoltHead0_0.4281768167004119_N-T2-20231211-CRH380AL2611-03-A-01-L-GCGJ-02-08.jpg,False,False
BoltHead0_0.42964920767181664_N-T1-20231212-CRH380AL2611-05-B-02-R-GCGJ-02-08.jpg,False,False
BoltHead0_0.43019459723725223_N-T2-20231211-CRH380AL2611-03-A-01-L-GCGJ-02-08.jpg,False,False
BoltHead0_0.43176226178989247_N-T2-20231211-CRH380AL2611-08-A-01-L-GCGJ-02-08.jpg,False,False
BoltHead0_0.4324859683868334_N-T1-20231212-CRH380AL2611-05-B-02-R-GCGJ-02-08.jpg,False,False
BoltHead0_0.4338100663193826_N-T1-20231212-CRH380AL2611-05-B-02-R-GCGJ-02-08.jpg,False,False
BoltHead0_0.43400703308076727_N-T2-20231226-CRH380AL2632-08-A-01-L-GCGJ-02-08.jpg,False,False
BoltHead0_0.4343246082272559_N-T1-20231220-CRH380AL2632-05-B-02-R-GCGJ-02-08.jpg,False,False
BoltHead0_0.43548205525806_N-T2-20231203-CRH380AL2582-05-A-01-L-GCGJ-02-08.jpg,False,False
BoltHead0_0.4355842253395845_N-T1-20231212-CRH380AL2611-07-B-02-R-GCGJ-02-08.jpg,False,False
BoltHead0_0.43590405760699635_N-T1-20231220-CRH380AL2632-06-B-02-R-GCGJ-02-08.jpg,False,False
BoltHead0_0.43626247800848716_N-T2-20231220-CRH380AL2632-06-A-01-L-GCGJ-02-08.jpg,False,False
BoltHead0_0.4367044955663373_N-T2-20231212-CRH380AL2611-03-A-01-L-GCGJ-02-08.jpg,False,False
BoltHead0_0.43766040724424243_N-T2-20231220-CRH380AL2632-05-A-01-L-GCGJ-02-08.jpg,False,False
BoltHead0_0.43903891330050165_N-T2-20231211-CRH380AL2611-08-A-01-L-GCGJ-02-08.jpg,False,False
BoltHead0_0.43988960893453444_N-T2-20231211-CRH380AL2611-08-A-01-L-GCGJ-02-08.jpg,False,False
BoltHead0_0.44109707550914234_N-T1-20231211-CRH380AL2611-07-B-02-R-GCGJ-02-08.jpg,False,False
BoltHead0_0.4414734210648095_N-T1-20231212-CRH380AL2611-07-B-02-R-GCGJ-02-08.jpg,False,False
BoltHead0_0.44205891316995627_N-T1-20231211-CRH380AL2611-07-B-02-R-GCGJ-02-08.jpg,False,False
BoltHead0_0.44211272080597114_N-T2-20231226-CRH380AL2632-06-A-01-L-GCGJ-02-08.jpg,False,False
BoltHead0_0.4439140036492759_N-T2-20231211-CRH380AL2611-07-A-01-L-GCGJ-02-08.jpg,False,False
BoltHead0_0.44428062697098536_N-T2-20231212-CRH380AL2611-05-A-01-L-GCGJ-02-08.jpg,False,False
BoltHead0_0.4452817067914762_N-T2-20231212-CRH380AL2611-05-A-01-L-GCGJ-02-08.jpg,False,False
BoltHead0_0.4469761412294711_N-T2-20231211-CRH380AL2611-07-A-01-L-GCGJ-02-08.jpg,False,False
BoltHead0_0.4476366770035218_N-T2-20231212-CRH380AL2611-05-A-01-L-GCGJ-02-08.jpg,False,False
BoltHead0_0.4488542834214086_N-T1-20231212-CRH380AL2611-03-B-02-R-GCGJ-02-08.jpg,False,False
BoltHead0_0.45068994093564363_N-T2-20231212-CRH380AL2611-05-A-01-L-GCGJ-02-08.jpg,False,False
BoltHead0_0.4513146341791125_N-T2-20231213-CRH380AL2611-07-A-01-L-GCGJ-02-08.jpg,False,False
BoltHead0_0.4515427236981488_N-T2-20231226-CRH380AL2632-03-A-01-L-GCGJ-02-08.jpg,False,False
BoltHead0_0.4515908086463489_N-T2-20231212-CRH380AL2611-04-A-01-L-GCGJ-02-08.jpg,False,False
BoltHead0_0.45267601933951307_N-T2-20231212-CRH380AL2611-05-A-01-L-GCGJ-02-08.jpg,False,False
BoltHead0_0.45279619428142537_N-T2-20231226-CRH380AL2632-05-A-01-L-GCGJ-02-08.jpg,False,False
BoltHead0_0.45312838633001756_N-T2-20231212-CRH380AL2611-07-A-01-L-GCGJ-02-08.jpg,False,False
BoltHead0_0.4536519044852895_N-T2-20231213-CRH380AL2611-03-A-01-L-GCGJ-02-08.jpg,False,False
BoltHead0_0.45365262127555134_N-T2-20231211-CRH380AL2611-05-A-01-L-GCGJ-02-08.jpg,False,False
BoltHead0_0.4546656149169589_N-T2-20231212-CRH380AL2611-07-A-01-L-GCGJ-02-08.jpg,False,False
BoltHead0_0.4554054825254699_N-T2-20231212-CRH380AL2611-07-A-01-L-GCGJ-02-08.jpg,False,False
BoltHead0_0.45548910658387054_N-T2-20231212-CRH380AL2611-07-A-01-L-GCGJ-02-08.jpg,False,False
BoltHead0_0.4556531102539888_N-T1-20231213-CRH380AL2611-04-B-02-R-GCGJ-02-08.jpg,False,False
BoltHead0_0.45571300155279765_N-T2-20231212-CRH380AL2611-07-A-01-L-GCGJ-02-08.jpg,False,False
BoltHead0_0.4558453600431226_N-T2-20231213-CRH380AL2611-06-A-01-L-GCGJ-02-08.jpg,False,False
BoltHead0_0.45607371175145467_N-T2-20231212-CRH380AL2611-07-A-01-L-GCGJ-02-08.jpg,False,False
BoltHead0_0.4561117459992637_N-T2-20231220-CRH380AL2614-07-B-01-R-GCGJ-02-11.jpg,False,False
BoltHead0_0.456499092017222_N-T1-20231212-CRH380AL2611-03-B-02-R-GCGJ-02-08.jpg,False,False
BoltHead0_0.4566921994351678_N-T1-20231212-CRH380AL2611-03-B-02-R-GCGJ-02-08.jpg,False,False
BoltHead0_0.456950120680745_N-T1-20231212-CRH380AL2611-04-B-02-R-GCGJ-02-08.jpg,False,False
BoltHead0_0.45802118570587547_N-T2-20231212-CRH380AL2611-07-A-01-L-GCGJ-02-08.jpg,False,False
BoltHead0_0.45838157864000656_N-T2-20231211-CRH380AL2611-02-A-01-L-GCGJ-02-08.jpg,False,False
BoltHead0_0.45866716673951935_N-T2-20231212-CRH380AL2611-02-A-01-L-GCGJ-02-08.jpg,False,False
BoltHead0_0.45923815031862275_N-T2-20231211-CRH380AL2611-04-A-01-L-GCGJ-02-08.jpg,False,False
BoltHead0_0.4598584338071944_N-T2-20231212-CRH380AL2611-07-A-01-L-GCGJ-02-08.jpg,False,False
BoltHead0_0.4612404544777495_N-T1-20231212-CRH380AL2611-04-B-02-R-GCGJ-02-08.jpg,False,False
BoltHead0_0.4614173756299859_N-T2-20231212-CRH380AL2611-03-A-01-L-GCGJ-02-08.jpg,False,False
BoltHead0_0.46210169292871434_N-T1-20231212-CRH380AL2611-04-B-02-R-GCGJ-02-08.jpg,False,False
BoltHead0_0.4632890234516185_N-T2-20231212-CRH380AL2611-06-A-01-L-GCGJ-02-08.jpg,False,False
BoltHead0_0.46414458072710246_N-T2-20231212-CRH380AL2611-04-A-01-L-GCGJ-02-08.jpg,False,False
BoltHead0_0.4648352628988453_N-T1-20231211-CRH380AL2611-08-B-02-R-GCGJ-02-08.jpg,False,False
BoltHead0_0.4653019070689168_N-T1-20231212-CRH380AL2611-04-B-02-R-GCGJ-02-08.jpg,False,False
BoltHead0_0.4653638901748072_N-T2-20231212-CRH380AL2611-06-A-01-L-GCGJ-02-08.jpg,False,False
BoltHead0_0.4660684074906263_N-T2-20231212-CRH380AL2611-06-A-01-L-GCGJ-02-08.jpg,False,False
BoltHead0_0.4662997718416206_N-T2-20231212-CRH380AL2611-06-A-01-L-GCGJ-02-08.jpg,False,False
BoltHead0_0.46631304723816314_N-T2-20231213-CRH380AL2611-02-A-01-L-GCGJ-02-08.jpg,False,False
BoltHead0_0.46771016932795434_N-T2-20231213-CRH380AL2611-04-A-01-L-GCGJ-02-08.jpg,False,False
BoltHead0_0.4677925447389947_N-T2-20231211-CRH380AL2611-05-A-01-L-GCGJ-02-08.jpg,False,False
BoltHead0_0.46783921338549095_N-T2-20231211-CRH380AL2611-06-A-01-L-GCGJ-02-08.jpg,False,False
BoltHead0_0.4681710830344577_N-T2-20231211-CRH380AL2611-06-A-01-L-GCGJ-02-08.jpg,False,False
BoltHead0_0.468371329720756_N-T1-20231213-CRH380AL2611-07-B-02-R-GCGJ-02-08.jpg,False,False
BoltHead0_0.46909191673276374_N-T2-20231211-CRH380AL2611-04-A-01-L-GCGJ-02-08.jpg,False,False
BoltHead0_0.4703948696549339_N-T2-20231211-CRH380AL2611-06-A-01-L-GCGJ-02-08.jpg,False,False
BoltHead0_0.4706373910996716_N-T1-20231220-CRH380AL2632-04-B-02-R-GCGJ-02-08.jpg,False,False
BoltHead0_0.47104644276960683_N-T2-20231212-CRH380AL2611-06-A-01-L-GCGJ-02-08.jpg,False,False
BoltHead0_0.47155671921795744_N-T1-20231211-CRH380AL2611-07-B-02-R-GCGJ-02-08.jpg,False,False
BoltHead0_0.47160678503831494_N-T1-20231212-CRH380AL2611-07-B-02-R-GCGJ-02-08.jpg,False,False
BoltHead0_0.47184611034361795_N-T1-20231212-CRH380AL2611-07-B-02-R-GCGJ-02-08.jpg,False,False
BoltHead0_0.47447842143173435_N-T1-20231212-CRH380AL2611-07-B-02-R-GCGJ-02-08.jpg,False,False
BoltHead0_0.4776078000664969_N-T1-20231212-CRH380AL2611-05-B-02-R-GCGJ-02-08.jpg,False,False
BoltHead0_0.4804903433315015_N-T2-20231226-CRH380AL2632-04-A-01-L-GCGJ-02-08.jpg,False,False
BoltHead0_0.484523667735043_N-T1-20231211-CRH380AL2611-06-B-02-R-GCGJ-02-08.jpg,False,False
BoltHead0_0.48494733145430585_N-T1-20231211-CRH380AL2611-06-B-02-R-GCGJ-02-08.jpg,False,False
BoltHead0_0.48579099747041543_N-T1-20231212-CRH380AL2611-06-B-02-R-GCGJ-02-08.jpg,False,False
BoltHead0_0.4876010338152567_N-T1-20231211-CRH380AL2611-06-B-02-R-GCGJ-02-08.jpg,False,False
BoltHead1_0.17330361364507096_N-T2-20231222-CRH380AL2614-06-A-01-L-GCGJ-02-08.jpg,False,True
BoltHead1_0.1839435466920607_N-T2-20231220-CRH380AL2614-03-A-01-L-GCGJ-02-08.jpg,False,False
BoltHead1_0.1925645045827417_N-T2-20231222-CRH380AL2614-02-A-01-L-GCGJ-02-08.jpg,False,False
BoltHead1_0.19406423209470988_N-T1-20231222-CRH380AL2614-07-B-02-R-GCGJ-02-08.jpg,False,False
BoltHead1_0.21511220329916833_N-T1-20231220-CRH380AL2614-07-B-02-R-GCGJ-02-08.jpg,False,False
BoltHead1_0.2205157959879103_N-T2-20231220-CRH380AL2614-02-A-01-L-GCGJ-02-08.jpg,False,False
BoltHead1_0.22475410084280764_N-T2-20231220-CRH380AL2614-01-B-01-0-TCZD-04-12.jpg,False,False
BoltHead1_0.2622197006761256_N-T2-20231211-CRH380AL2611-01-B-01-0-TCZD-04-12.jpg,False,False
BoltHead1_0.2659244024656781_N-T2-20231222-CRH380AL2614-01-B-01-0-TCZD-04-12.jpg,False,False
BoltHead1_0.26673232878408426_N-T2-20231211-CRH380AL2611-01-B-01-0-TCZD-04-12.jpg,False,False
BoltHead1_0.26768382836645627_N-T2-20231220-CRH380AL2614-07-A-01-L-GCGJ-02-08.jpg,False,False
BoltHead1_0.28536136041986365_N-T2-20231222-CRH380AL2614-08-A-01-L-GCGJ-02-08.jpg,False,False
BoltHead1_0.2900313409144536_N-T2-20231222-CRH380AL2614-03-A-01-L-GCGJ-02-08.jpg,False,False
BoltHead1_0.29079053108374875_N-T1-20231222-CRH380AL2614-06-B-02-R-GCGJ-02-08.jpg,False,False
BoltHead1_0.3038425422884897_N-T2-20231220-CRH380AL2614-06-A-01-L-GCGJ-02-08.jpg,False,False
BoltHead1_0.3045679032260409_N-T1-20231220-CRH380AL2614-06-B-02-R-GCGJ-02-08.jpg,False,False
BoltHead1_0.3048829369986693_N-T2-20231220-CRH380AL2614-08-A-01-L-GCGJ-02-08.jpg,False,False
BoltHead1_0.3236265736820936_N-T1-20231220-CRH380AL2614-04-B-02-R-GCGJ-02-08.jpg,False,False
BoltHead1_0.33320432970918107_N-T1-20231222-CRH380AL2614-05-B-02-R-GCGJ-02-08.jpg,False,False
BoltHead1_0.333569140833385_N-T2-20231212-CRH380AL2611-02-B-01-R-GCGJ-02-11.jpg,False,False
BoltHead1_0.339135206456595_N-T2-20231220-CRH380AL2632-02-B-01-R-GCGJ-02-11.jpg,False,False
BoltHead1_0.3424536932675199_N-T2-20231212-CRH380AL2611-02-B-01-R-GCGJ-02-11.jpg,False,False
BoltHead1_0.34530918442279085_N-T2-20231211-CRH380AL2611-02-B-01-R-GCGJ-02-11.jpg,False,False
BoltHead1_0.34609222157899294_N-T1-20231222-CRH380AL2614-02-B-02-R-GCGJ-02-08.jpg,False,False
BoltHead1_0.3475566898817002_N-T2-20231220-CRH380AL2614-04-A-01-L-GCGJ-02-08.jpg,False,False
BoltHead1_0.3499383543255425_N-T2-20231220-CRH380AL2632-08-A-01-L-GCGJ-02-08.jpg,False,False
BoltHead1_0.34999351764857073_N-T2-20231220-CRH380AL2632-06-A-01-L-GCGJ-02-08.jpg,False,False
BoltHead1_0.3516563418238504_N-T2-20231222-CRH380AL2614-05-A-01-L-GCGJ-02-08.jpg,False,False
BoltHead1_0.3550543002488363_N-T1-20231220-CRH380AL2614-03-B-02-R-GCGJ-02-08.jpg,False,False
BoltHead1_0.3597632801367845_N-T2-20231220-CRH380AL2614-05-A-01-L-GCGJ-02-08.jpg,False,False
BoltHead1_0.36299004692871817_N-T1-20231220-CRH380AL2632-04-B-02-R-GCGJ-02-08.jpg,False,False
BoltHead1_0.36375116546592373_N-T2-20231211-CRH380AL2611-01-B-01-0-TCZD-04-12.jpg,False,False
BoltHead1_0.36376352907299436_N-T2-20231220-CRH380AL2632-02-A-01-L-GCGJ-02-08.jpg,False,False
BoltHead1_0.36560836599101076_N-T1-20231222-CRH380AL2614-08-B-02-R-GCGJ-02-08.jpg,False,False
BoltHead1_0.36635225769925733_N-T2-20231212-CRH380AL2611-01-B-01-0-TCZD-04-12.jpg,False,False
BoltHead1_0.36746604162763863_N-T1-20231220-CRH380AL2614-05-B-02-R-GCGJ-02-08.jpg,False,False
BoltHead1_0.36901742958189043_N-T2-20231212-CRH380AL2611-01-B-01-0-TCZD-04-12.jpg,False,False
BoltHead1_0.36923599850892896_N-T1-20240112-CRH380AL2584-08-B-02-L-GCGJ-02-08.jpg,False,False
BoltHead1_0.37019844635911237_N-T2-20231211-CRH380AL2611-07-B-01-R-GCGJ-02-11.jpg,False,False
BoltHead1_0.37061887639225954_N-T2-20231226-CRH380AL2632-08-A-01-L-GCGJ-02-08.jpg,False,False
BoltHead1_0.3710805352305991_N-T1-20240112-CRH380AL2584-04-B-02-L-GCGJ-02-08.jpg,False,False
BoltHead1_0.37161113119053574_N-T1-20231222-CRH380AL2614-04-B-02-R-GCGJ-02-08.jpg,False,False
BoltHead1_0.3747736206541945_N-T2-20240112-CRH380AL2584-02-A-01-L-GCGJ-02-08.jpg,False,False
BoltHead1_0.3763971169374654_N-T2-20231226-CRH380AL2632-02-A-01-L-GCGJ-02-08.jpg,False,False
BoltHead1_0.37694474119528243_N-T1-20231213-CRH380AL2611-02-B-02-R-GCGJ-02-08.jpg,False,False
BoltHead1_0.37736627308127996_N-T2-20231212-CRH380AL2611-01-B-01-0-TCZD-04-12.jpg,False,False
BoltHead1_0.37854095018697353_N-T2-20231222-CRH380AL2614-04-A-01-L-GCGJ-02-08.jpg,False,False
BoltHead1_0.3790207900337088_N-T2-20231212-CRH380AL2611-07-B-01-R-GCGJ-02-11.jpg,False,False
BoltHead1_0.37922589246598787_N-T2-20231220-CRH380AL2632-07-B-01-R-GCGJ-02-11.jpg,False,False
BoltHead1_0.38025647542645585_N-T2-20231212-CRH380AL2611-07-B-01-R-GCGJ-02-11.jpg,False,False
BoltHead1_0.38084929210770607_N-T2-20231212-CRH380AL2611-01-B-01-0-TCZD-04-12.jpg,False,False
BoltHead1_0.38100917805960666_N-T2-20231226-CRH380AL2632-06-A-01-L-GCGJ-02-08.jpg,False,False
BoltHead1_0.3815289110988663_N-T2-20231212-CRH380AL2611-01-B-01-0-TCZD-04-12.jpg,False,False
BoltHead1_0.38238589366023285_N-T2-20231212-CRH380AL2611-07-B-01-R-GCGJ-02-11.jpg,False,False
BoltHead1_0.3828259221976932_N-T1-20231212-CRH380AL2611-03-B-02-R-GCGJ-02-08.jpg,False,False
BoltHead1_0.3833335023869699_N-T1-20231220-CRH380AL2632-03-B-02-R-GCGJ-02-08.jpg,False,False
BoltHead1_0.3862846650962579_N-T2-20231212-CRH380AL2611-07-B-01-R-GCGJ-02-11.jpg,False,False
BoltHead1_0.3873868762741208_N-T2-20231211-CRH380AL2611-07-B-01-R-GCGJ-02-11.jpg,False,False
BoltHead1_0.390048466531131_N-T2-20231212-CRH380AL2611-06-A-01-L-GCGJ-02-08.jpg,False,False
BoltHead1_0.39086969779866026_N-T2-20231212-CRH380AL2611-02-A-01-L-GCGJ-02-08.jpg,False,False
BoltHead1_0.3909843251000571_N-T2-20231211-CRH380AL2611-07-B-01-R-GCGJ-02-11.jpg,False,False
BoltHead1_0.39159634610281946_N-T1-20231211-CRH380AL2611-08-B-02-R-GCGJ-02-08.jpg,False,False
BoltHead1_0.3923697862712477_N-T1-20231212-CRH380AL2611-02-B-02-R-GCGJ-02-08.jpg,False,False
BoltHead1_0.3924316699728691_N-T2-20231211-CRH380AL2611-02-A-01-L-GCGJ-02-08.jpg,False,False
BoltHead1_0.39328444042660676_N-T2-20231213-CRH380AL2611-02-A-01-L-GCGJ-02-08.jpg,False,False
BoltHead1_0.3950048527763866_N-T2-20231212-CRH380AL2611-06-A-01-L-GCGJ-02-08.jpg,False,False
BoltHead1_0.3956626263201647_N-T1-20231220-CRH380AL2614-08-B-02-R-GCGJ-02-08.jpg,False,False
BoltHead1_0.39586134304424203_N-T1-20231212-CRH380AL2611-03-B-02-R-GCGJ-02-08.jpg,False,False
BoltHead1_0.39634650364671287_N-T2-20231226-CRH380AL2632-03-A-01-L-GCGJ-02-08.jpg,False,False
BoltHead1_0.3963718282045057_N-T1-20231212-CRH380AL2611-02-B-02-R-GCGJ-02-08.jpg,False,False
BoltHead1_0.3964977046661543_N-T2-20231212-CRH380AL2611-07-B-01-R-GCGJ-02-11.jpg,False,False
BoltHead1_0.39687583711662766_N-T2-20231220-CRH380AL2614-07-B-01-R-GCGJ-02-11.jpg,False,False
BoltHead1_0.39732692569869804_N-T2-20231212-CRH380AL2611-06-A-01-L-GCGJ-02-08.jpg,False,False
BoltHead1_0.39749224287781204_N-T1-20231212-CRH380AL2611-02-B-02-R-GCGJ-02-08.jpg,False,False
BoltHead1_0.3976222115123246_N-T2-20231212-CRH380AL2611-02-A-01-L-GCGJ-02-08.jpg,False,False
BoltHead1_0.3978814615036753_N-T2-20231211-CRH380AL2611-06-A-01-L-GCGJ-02-08.jpg,False,False
BoltHead1_0.39798648986368085_N-T1-20231212-CRH380AL2611-03-B-02-R-GCGJ-02-08.jpg,False,False
BoltHead1_0.4002153353194103_N-T1-20240112-CRH380AL2584-05-B-02-L-GCGJ-02-08.jpg,False,False
BoltHead1_0.40610050798164155_N-T2-20240112-CRH380AL2584-04-A-01-L-GCGJ-02-08.jpg,False,False
BoltHead1_0.4062158223951723_N-T2-20231211-CRH380AL2611-02-A-01-L-GCGJ-02-08.jpg,False,False
BoltHead1_0.40646542733459884_N-T1-20231211-CRH380AL2611-06-B-02-R-GCGJ-02-08.jpg,False,False
BoltHead1_0.40656630600777405_N-T2-20231213-CRH380AL2611-07-B-01-R-GCGJ-02-11.jpg,False,False
BoltHead1_0.4068453622818368_N-T1-20231212-CRH380AL2611-05-B-02-R-GCGJ-02-08.jpg,False,False
BoltHead1_0.4084586638547956_N-T1-20231212-CRH380AL2611-06-B-02-R-GCGJ-02-08.jpg,False,False
BoltHead1_0.40853779116331307_N-T2-20231213-CRH380AL2611-07-A-01-L-GCGJ-02-08.jpg,False,False
BoltHead1_0.40887360263655537_N-T1-20231212-CRH380AL2611-02-B-02-R-GCGJ-02-08.jpg,False,False
BoltHead1_0.4099829571225485_N-T1-20231213-CRH380AL2611-04-B-02-R-GCGJ-02-08.jpg,False,False
BoltHead1_0.41019654398225386_N-T2-20231211-CRH380AL2611-06-A-01-L-GCGJ-02-08.jpg,False,False
BoltHead1_0.4104556909953275_N-T1-20231222-CRH380AL2614-03-B-02-R-GCGJ-02-08.jpg,False,False
BoltHead1_0.41071435988474697_N-T1-20240112-CRH380AL2584-03-B-02-L-GCGJ-02-08.jpg,False,False
BoltHead1_0.41125960191184074_N-T1-20231212-CRH380AL2611-05-B-02-R-GCGJ-02-08.jpg,False,False
BoltHead1_0.4113437657335509_N-T1-20231213-CRH380AL2611-06-B-02-R-GCGJ-02-08.jpg,False,False
BoltHead1_0.41229340298133105_N-T1-20231211-CRH380AL2611-07-B-02-R-GCGJ-02-08.jpg,False,False
BoltHead1_0.41299512277304085_N-T1-20240112-CRH380AL2584-06-B-02-L-GCGJ-02-08.jpg,False,False
BoltHead1_0.4130329354648557_N-T1-20231212-CRH380AL2611-04-B-02-R-GCGJ-02-08.jpg,False,False
BoltHead1_0.41367212729544467_N-T2-20231211-CRH380AL2611-07-A-01-L-GCGJ-02-08.jpg,False,False
BoltHead1_0.41378676692143207_N-T1-20231212-CRH380AL2611-07-B-02-R-GCGJ-02-08.jpg,False,False
BoltHead1_0.41403367897954024_N-T1-20231212-CRH380AL2611-04-B-02-R-GCGJ-02-08.jpg,False,False
BoltHead1_0.41406866940977577_N-T2-20231213-CRH380AL2611-03-A-01-L-GCGJ-02-08.jpg,False,False
BoltHead1_0.4153984033865711_N-T1-20231212-CRH380AL2611-06-B-02-R-GCGJ-02-08.jpg,False,False
BoltHead1_0.41588960870808445_N-T1-20231212-CRH380AL2611-07-B-02-R-GCGJ-02-08.jpg,False,False
BoltHead1_0.4160077321958206_N-T2-20231212-CRH380AL2611-07-A-01-L-GCGJ-02-08.jpg,False,False
BoltHead1_0.416128414594939_N-T1-20231211-CRH380AL2611-02-B-02-R-GCGJ-02-08.jpg,False,False
BoltHead1_0.4161465061780527_N-T1-20231213-CRH380AL2611-07-B-02-R-GCGJ-02-08.jpg,False,False
BoltHead1_0.416283544939428_N-T1-20231212-CRH380AL2611-06-B-02-R-GCGJ-02-08.jpg,False,False
BoltHead1_0.416475540189449_N-T1-20231211-CRH380AL2611-06-B-02-R-GCGJ-02-08.jpg,False,False
BoltHead1_0.41653733226218037_N-T1-20240112-CRH380AL2584-02-B-02-L-GCGJ-02-08.jpg,False,False
BoltHead1_0.4169233392329699_N-T1-20231220-CRH380AL2614-02-B-02-R-GCGJ-02-08.jpg,False,False
BoltHead1_0.41729677262380876_N-T2-20231212-CRH380AL2611-07-A-01-L-GCGJ-02-08.jpg,False,False
BoltHead1_0.41862371549571137_N-T2-20231212-CRH380AL2611-07-A-01-L-GCGJ-02-08.jpg,False,False
BoltHead1_0.41884023227569656_N-T1-20231220-CRH380AL2632-07-B-02-R-GCGJ-02-08.jpg,False,False
BoltHead1_0.41906859396562146_N-T2-20231211-CRH380AL2611-08-A-01-L-GCGJ-02-08.jpg,False,False
BoltHead1_0.41937416618599616_N-T2-20231212-CRH380AL2611-07-A-01-L-GCGJ-02-08.jpg,False,False
BoltHead1_0.4194593764803357_N-T2-20231212-CRH380AL2611-07-A-01-L-GCGJ-02-08.jpg,False,False
BoltHead1_0.4208922281658074_N-T2-20231211-CRH380AL2611-04-A-01-L-GCGJ-02-08.jpg,False,False
BoltHead1_0.42162768534632405_N-T2-20231212-CRH380AL2611-04-A-01-L-GCGJ-02-08.jpg,False,False
BoltHead1_0.4219550720194324_N-T1-20231211-CRH380AL2611-06-B-02-R-GCGJ-02-08.jpg,False,False
BoltHead1_0.42273094442644094_N-T2-20231211-CRH380AL2611-08-A-01-L-GCGJ-02-08.jpg,False,False
BoltHead1_0.42297403450876664_N-T2-20231212-CRH380AL2611-07-A-01-L-GCGJ-02-08.jpg,False,False
BoltHead1_0.4250070664396626_N-T2-20231220-CRH380AL2632-03-A-01-L-GCGJ-02-08.jpg,False,False
BoltHead1_0.426162283830899_N-T1-20231226-CRH380AL2632-06-B-02-R-GCGJ-02-08.jpg,False,False
BoltHead1_0.42683477917686524_N-T2-20231212-CRH380AL2611-07-A-01-L-GCGJ-02-08.jpg,False,False
BoltHead1_0.42807184521210173_N-T1-20231212-CRH380AL2611-04-B-02-R-GCGJ-02-08.jpg,False,False
BoltHead1_0.4289765801668429_N-T2-20231212-CRH380AL2611-04-A-01-L-GCGJ-02-08.jpg,False,False
BoltHead1_0.42971343210059953_N-T2-20231222-CRH380AL2614-07-B-01-R-GCGJ-02-11.jpg,False,False
BoltHead1_0.4306997011019937_N-T1-20231212-CRH380AL2611-04-B-02-R-GCGJ-02-08.jpg,False,False
BoltHead1_0.4308675604980999_N-T2-20231211-CRH380AL2611-06-A-01-L-GCGJ-02-08.jpg,False,False
BoltHead1_0.4317634709342309_N-T2-20240112-CRH380AL2584-03-A-01-L-GCGJ-02-08.jpg,False,False
BoltHead1_0.431972658166166_N-T2-20231213-CRH380AL2611-05-A-01-L-GCGJ-02-08.jpg,False,False
BoltHead1_0.43229263091907444_N-T1-20231212-CRH380AL2611-07-B-02-R-GCGJ-02-08.jpg,False,False
BoltHead1_0.4327354263749672_N-T2-20231213-CRH380AL2611-04-A-01-L-GCGJ-02-08.jpg,False,False
BoltHead1_0.4330379998571168_N-T2-20240112-CRH380AL2584-08-A-01-L-GCGJ-02-08.jpg,False,False
BoltHead1_0.4338342099667631_N-T2-20231213-CRH380AL2611-06-A-01-L-GCGJ-02-08.jpg,False,False
BoltHead1_0.4354983296915538_N-T2-20240112-CRH380AL2584-05-A-01-L-GCGJ-02-08.jpg,False,False
BoltHead1_0.4365031016471197_N-T2-20231212-CRH380AL2611-03-A-01-L-GCGJ-02-08.jpg,False,False
BoltHead1_0.43704496656656633_N-T2-20231211-CRH380AL2611-05-A-01-L-GCGJ-02-08.jpg,False,False
BoltHead1_0.4370998220654513_N-T1-20231211-CRH380AL2611-07-B-02-R-GCGJ-02-08.jpg,False,False
BoltHead1_0.4377419317252833_N-T2-20231212-CRH380AL2611-06-A-01-L-GCGJ-02-08.jpg,False,False
BoltHead1_0.4395579523344343_N-T2-20231212-CRH380AL2611-06-A-01-L-GCGJ-02-08.jpg,False,False
BoltHead1_0.44238812679684547_N-T2-20231220-CRH380AL2632-04-A-01-L-GCGJ-02-08.jpg,False,False
BoltHead1_0.44387421241819613_N-T2-20231212-CRH380AL2611-05-A-01-L-GCGJ-02-08.jpg,False,False
BoltHead1_0.444503235589314_N-T1-20240112-CRH380AL2584-07-B-02-L-GCGJ-02-08.jpg,False,False
BoltHead1_0.44756574318442877_N-T2-20231212-CRH380AL2611-05-A-01-L-GCGJ-02-08.jpg,False,False
BoltHead1_0.44798045321743973_N-T2-20231220-CRH380AL2632-05-A-01-L-GCGJ-02-08.jpg,False,False
BoltHead1_0.4493285650139966_N-T2-20231211-CRH380AL2611-07-A-01-L-GCGJ-02-08.jpg,False,False
BoltHead1_0.45068994093564363_N-T2-20231212-CRH380AL2611-05-A-01-L-GCGJ-02-08.jpg,False,False
BoltHead1_0.45076028584312755_N-T1-20231212-CRH380AL2611-03-B-02-R-GCGJ-02-08.jpg,False,False
BoltHead1_0.45109719400684667_N-T2-20231212-CRH380AL2611-05-A-01-L-GCGJ-02-08.jpg,False,False
BoltHead1_0.45125346512814574_N-T1-20231211-CRH380AL2611-03-B-02-R-GCGJ-02-08.jpg,False,False
BoltHead1_0.45211238448207425_N-T2-20231212-CRH380AL2611-05-A-01-L-GCGJ-02-08.jpg,False,False
BoltHead1_0.45283070303097434_N-T1-20231211-CRH380AL2611-03-B-02-R-GCGJ-02-08.jpg,False,False
BoltHead1_0.45355693589475016_N-T2-20231211-CRH380AL2611-03-A-01-L-GCGJ-02-08.jpg,False,False
BoltHead1_0.45356905524902147_N-T2-20231212-CRH380AL2611-03-A-01-L-GCGJ-02-08.jpg,False,False
BoltHead1_0.4537323232208389_N-T1-20231213-CRH380AL2611-03-B-02-R-GCGJ-02-08.jpg,False,False
BoltHead1_0.45514646614417237_N-T2-20231211-CRH380AL2611-03-A-01-L-GCGJ-02-08.jpg,False,False
BoltHead1_0.4554176879557622_N-T2-20231211-CRH380AL2611-05-A-01-L-GCGJ-02-08.jpg,False,False
BoltHead1_0.45548573307918055_N-T1-20231212-CRH380AL2611-04-B-02-R-GCGJ-02-08.jpg,False,False
BoltHead1_0.45585525138353616_N-T2-20231226-CRH380AL2632-04-A-01-L-GCGJ-02-08.jpg,False,False
BoltHead1_0.45684145033477713_N-T2-20231212-CRH380AL2611-03-A-01-L-GCGJ-02-08.jpg,False,False
BoltHead1_0.45704136836634623_N-T2-20231212-CRH380AL2611-03-A-01-L-GCGJ-02-08.jpg,False,False
BoltHead1_0.4570993907705377_N-T1-20231212-CRH380AL2611-03-B-02-R-GCGJ-02-08.jpg,False,False
BoltHead1_0.4583896858458301_N-T1-20231211-CRH380AL2611-02-B-02-R-GCGJ-02-08.jpg,False,False
BoltHead1_0.45925333871294616_N-T2-20231220-CRH380AL2632-02-A-01-L-GCGJ-02-08.jpg,False,False
BoltHead1_0.45983104495891297_N-T2-20231211-CRH380AL2611-08-A-01-L-GCGJ-02-08.jpg,False,False
BoltHead1_0.46056546072387433_N-T2-20231212-CRH380AL2611-03-A-01-L-GCGJ-02-08.jpg,False,False
BoltHead1_0.4607974455730115_N-T1-20231211-CRH380AL2611-04-B-02-R-GCGJ-02-08.jpg,False,False
BoltHead1_0.46086236179599055_N-T2-20231226-CRH380AL2632-05-A-01-L-GCGJ-02-08.jpg,False,False
BoltHead1_0.46095018722927145_N-T2-20231211-CRH380AL2611-04-A-01-L-GCGJ-02-08.jpg,False,False
BoltHead1_0.46106870734288485_N-T1-20231211-CRH380AL2611-04-B-02-R-GCGJ-02-08.jpg,False,False
BoltHead1_0.46185308117237855_N-T2-20231212-CRH380AL2611-02-A-01-L-GCGJ-02-08.jpg,False,False
BoltHead1_0.4624310874262673_N-T2-20231212-CRH380AL2611-02-A-01-L-GCGJ-02-08.jpg,False,False
BoltHead1_0.4630955828560999_N-T2-20231212-CRH380AL2611-04-A-01-L-GCGJ-02-08.jpg,False,False
BoltHead1_0.4635497443511565_N-T2-20231212-CRH380AL2611-02-A-01-L-GCGJ-02-08.jpg,False,False
BoltHead1_0.46430970039377_N-T1-20231207-CRH380AL2584-06-B-02-R-GCGJ-02-08.jpg,False,False
BoltHead1_0.4656935845324416_N-T2-20231212-CRH380AL2611-04-A-01-L-GCGJ-02-08.jpg,False,False
BoltHead1_0.4676195324701021_N-T2-20231220-CRH380AL2632-01-B-01-0-TCZD-04-12.jpg,False,False
BoltHead1_0.4683315650073657_N-T1-20231211-CRH380AL2611-07-B-02-R-GCGJ-02-08.jpg,False,False
BoltHead1_0.46847907661348537_N-T1-20231226-CRH380AL2632-08-B-02-R-GCGJ-02-08.jpg,False,False
BoltHead1_0.4686101675630831_N-T2-20231212-CRH380AL2611-04-A-01-L-GCGJ-02-08.jpg,False,False
BoltHead1_0.4716450718606007_N-T1-20231213-CRH380AL2611-05-B-02-R-GCGJ-02-08.jpg,False,False
BoltHead1_0.4719860584299855_N-T1-20231211-CRH380AL2611-08-B-02-R-GCGJ-02-08.jpg,False,False
BoltHead1_0.47198646126022287_N-T1-20231220-CRH380AL2632-02-B-02-R-GCGJ-02-08.jpg,False,False
BoltHead1_0.47249475851198947_N-T1-20231212-CRH380AL2611-05-B-02-R-GCGJ-02-08.jpg,False,False
BoltHead1_0.4727411176935125_N-T1-20231220-CRH380AL2632-05-B-02-R-GCGJ-02-08.jpg,False,False
BoltHead1_0.4728925012326488_N-T1-20231212-CRH380AL2611-07-B-02-R-GCGJ-02-08.jpg,False,False
BoltHead1_0.47432979067397846_N-T1-20231211-CRH380AL2611-05-B-02-R-GCGJ-02-08.jpg,False,False
BoltHead1_0.47549798908707075_N-T2-20231222-CRH380AL2614-02-B-01-R-GCGJ-02-11.jpg,False,False
BoltHead1_0.47562960654637454_N-T1-20231212-CRH380AL2611-07-B-02-R-GCGJ-02-08.jpg,False,False
BoltHead1_0.4757743225594073_N-T1-20231211-CRH380AL2611-05-B-02-R-GCGJ-02-08.jpg,False,False
BoltHead1_0.47670335456606505_N-T2-20231220-CRH380AL2632-07-A-01-L-GCGJ-02-08.jpg,False,False
BoltHead1_0.4768557053953175_N-T1-20231213-CRH380AL2583-06-B-02-R-GCGJ-02-08.jpg,False,False
BoltHead1_0.47735023286526074_N-T1-20231226-CRH380AL2632-07-B-02-R-GCGJ-02-08.jpg,False,False
BoltHead1_0.47768948154612156_N-T2-20231218-CRH380AL2636-08-A-01-L-GCGJ-02-08.jpg,False,False
BoltHead1_0.48121427351148616_N-T1-20231212-CRH380AL2611-05-B-02-R-GCGJ-02-08.jpg,False,False
BoltHead1_0.4826143754778025_N-T1-20231212-CRH380AL2611-05-B-02-R-GCGJ-02-08.jpg,False,False
BoltHead1_0.4830700504468775_N-T1-20231212-CRH380AL2611-06-B-02-R-GCGJ-02-08.jpg,False,False
BoltHead1_0.4833058446629576_N-T1-20231220-CRH380AL2632-06-B-02-R-GCGJ-02-08.jpg,False,False
BoltHead1_0.4841345414983101_N-T2-20231226-CRH380AL2632-07-A-01-L-GCGJ-02-08.jpg,False,False
BoltHead1_0.48887955100746766_N-T1-20231212-CRH380AL2611-06-B-02-R-GCGJ-02-08.jpg,False,False
BoltHead2_0.12930069804198568_N-T2-20231220-CRH380AL2614-07-A-01-L-GCGJ-02-08.jpg,False,False
BoltHead2_0.17612829653717055_N-T2-20231222-CRH380AL2614-03-A-01-L-GCGJ-02-08.jpg,False,False
BoltHead2_0.2022743464863581_N-T2-20231222-CRH380AL2614-02-A-01-L-GCGJ-02-08.jpg,False,False
BoltHead2_0.20229764978840475_N-T2-20231222-CRH380AL2614-07-A-01-L-GCGJ-02-08.jpg,False,False
BoltHead2_0.20679677452882192_N-T2-20231220-CRH380AL2614-08-A-01-L-GCGJ-02-08.jpg,False,False
BoltHead2_0.21740302165906308_N-T1-20231222-CRH380AL2614-03-B-02-R-GCGJ-02-08.jpg,False,False
BoltHead2_0.22667873590926615_N-T2-20231220-CRH380AL2614-06-A-01-L-GCGJ-02-08.jpg,False,False
BoltHead2_0.24391499932902852_N-T2-20231222-CRH380AL2614-04-A-01-L-GCGJ-02-08.jpg,False,False
BoltHead2_0.2444253673951095_N-T1-20231220-CRH380AL2614-04-B-02-R-GCGJ-02-08.jpg,False,False
BoltHead2_0.24646329521450328_N-T2-20231222-CRH380AL2614-06-A-01-L-GCGJ-02-08.jpg,False,False
BoltHead2_0.2640231436394923_N-T1-20231220-CRH380AL2614-02-B-02-R-GCGJ-02-08.jpg,False,False
BoltHead2_0.2655428699617641_N-T2-20231220-CRH380AL2614-03-A-01-L-GCGJ-02-08.jpg,False,False
BoltHead2_0.28025353671785597_N-T2-20231220-CRH380AL2614-01-B-01-0-TCZD-04-12.jpg,False,False
BoltHead2_0.2815185748939401_N-T2-20231220-CRH380AL2614-04-A-01-L-GCGJ-02-08.jpg,False,False
BoltHead2_0.2825620766191207_N-T2-20231222-CRH380AL2614-08-A-01-L-GCGJ-02-08.jpg,False,False
BoltHead2_0.28993508834701953_N-T1-20240112-CRH380AL2584-05-B-02-L-GCGJ-02-08.jpg,False,False
BoltHead2_0.3024431048538453_N-T1-20240112-CRH380AL2584-07-B-02-L-GCGJ-02-08.jpg,False,False
BoltHead2_0.30274996142896143_N-T2-20231220-CRH380AL2632-01-B-01-0-TCZD-04-12.jpg,False,False
BoltHead2_0.3058345203846104_N-T1-20231222-CRH380AL2614-06-B-02-R-GCGJ-02-08.jpg,False,False
BoltHead2_0.310640490749443_N-T2-20240112-CRH380AL2584-07-A-01-L-GCGJ-02-08.jpg,False,False
BoltHead2_0.3163067059618292_N-T1-20231222-CRH380AL2614-04-B-02-R-GCGJ-02-08.jpg,False,False
BoltHead2_0.31704662284749713_N-T1-20240112-CRH380AL2584-03-B-02-L-GCGJ-02-08.jpg,False,False
BoltHead2_0.3171081337099706_N-T1-20231220-CRH380AL2614-08-B-02-R-GCGJ-02-08.jpg,False,False
BoltHead2_0.31736490681474816_N-T1-20231222-CRH380AL2614-08-B-02-R-GCGJ-02-08.jpg,False,False
BoltHead2_0.3400505978164074_N-T2-20240112-CRH380AL2584-04-A-01-L-GCGJ-02-08.jpg,False,False
BoltHead2_0.34026207066977604_N-T1-20231222-CRH380AL2614-07-B-02-R-GCGJ-02-08.jpg,False,False
BoltHead2_0.3428119570260657_N-T1-20231220-CRH380AL2614-05-B-02-R-GCGJ-02-08.jpg,False,False
BoltHead2_0.3455364149652931_N-T2-20231220-CRH380AL2614-05-A-01-L-GCGJ-02-08.jpg,False,False
BoltHead2_0.35358998944574177_N-T2-20231211-CRH380AL2611-01-B-01-0-TCZD-04-12.jpg,False,False
BoltHead2_0.3600446619234805_N-T2-20231211-CRH380AL2611-01-B-01-0-TCZD-04-12.jpg,False,False
BoltHead2_0.3670154892090111_N-T2-20231222-CRH380AL2614-05-A-01-L-GCGJ-02-08.jpg,False,False
BoltHead2_0.3731393525450825_N-T1-20240112-CRH380AL2584-06-B-02-L-GCGJ-02-08.jpg,False,False
BoltHead2_0.3744801196428018_N-T1-20231213-CRH380AL2611-05-B-02-R-GCGJ-02-08.jpg,False,False
BoltHead2_0.37536874963350064_N-T1-20231222-CRH380AL2614-05-B-02-R-GCGJ-02-08.jpg,False,False
BoltHead2_0.3787698290617094_N-T2-20231213-CRH380AL2611-07-B-01-R-GCGJ-02-11.jpg,False,False
BoltHead2_0.38098225896044_N-T2-20231213-CRH380AL2611-02-A-01-L-GCGJ-02-08.jpg,False,False
BoltHead2_0.38140566720295843_N-T2-20231211-CRH380AL2611-07-A-01-L-GCGJ-02-08.jpg,False,False
BoltHead2_0.3846507896079437_N-T2-20231212-CRH380AL2611-02-A-01-L-GCGJ-02-08.jpg,False,False
BoltHead2_0.39018563936017947_N-T1-20240112-CRH380AL2584-02-B-02-L-GCGJ-02-08.jpg,False,False
BoltHead2_0.3901923909190072_N-T2-20231211-CRH380AL2611-02-A-01-L-GCGJ-02-08.jpg,False,False
BoltHead2_0.390723030335814_N-T2-20231211-CRH380AL2611-06-A-01-L-GCGJ-02-08.jpg,False,False
BoltHead2_0.39301056494630343_N-T2-20231212-CRH380AL2611-02-A-01-L-GCGJ-02-08.jpg,False,False
BoltHead2_0.3948052393223415_N-T2-20231212-CRH380AL2611-06-A-01-L-GCGJ-02-08.jpg,False,False
BoltHead2_0.3951296716840763_N-T2-20231211-CRH380AL2611-07-A-01-L-GCGJ-02-08.jpg,False,False
BoltHead2_0.39543392507742925_N-T1-20231212-CRH380AL2611-04-B-02-R-GCGJ-02-08.jpg,False,False
BoltHead2_0.3955311700423335_N-T1-20231212-CRH380AL2611-07-B-02-R-GCGJ-02-08.jpg,False,False
BoltHead2_0.3970821383590869_N-T2-20231212-CRH380AL2611-02-A-01-L-GCGJ-02-08.jpg,False,False
BoltHead2_0.3980162275215663_N-T1-20231222-CRH380AL2614-02-B-02-R-GCGJ-02-08.jpg,False,False
BoltHead2_0.39821793386219073_N-T2-20231211-CRH380AL2611-07-A-01-L-GCGJ-02-08.jpg,False,False
BoltHead2_0.399508739711499_N-T1-20231211-CRH380AL2611-07-B-02-R-GCGJ-02-08.jpg,False,False
BoltHead2_0.4001413596753604_N-T1-20231220-CRH380AL2632-08-B-02-R-GCGJ-02-08.jpg,False,False
BoltHead2_0.4015111901946296_N-T2-20231212-CRH380AL2611-06-A-01-L-GCGJ-02-08.jpg,False,False
BoltHead2_0.403551804533537_N-T1-20231220-CRH380AL2632-02-B-02-R-GCGJ-02-08.jpg,False,False
BoltHead2_0.4037252862374405_N-T1-20240112-CRH380AL2584-04-B-02-L-GCGJ-02-08.jpg,False,False
BoltHead2_0.4063553816823578_N-T2-20231220-CRH380AL2632-02-A-01-L-GCGJ-02-08.jpg,False,False
BoltHead2_0.406697895120749_N-T1-20231212-CRH380AL2611-04-B-02-R-GCGJ-02-08.jpg,False,False
BoltHead2_0.40680572717897623_N-T2-20231211-CRH380AL2611-08-A-01-L-GCGJ-02-08.jpg,False,False
BoltHead2_0.40705346663568515_N-T2-20231213-CRH380AL2611-06-A-01-L-GCGJ-02-08.jpg,False,False
BoltHead2_0.4086311184448409_N-T1-20231212-CRH380AL2611-07-B-02-R-GCGJ-02-08.jpg,False,False
BoltHead2_0.40966761873586643_N-T1-20231211-CRH380AL2611-07-B-02-R-GCGJ-02-08.jpg,False,False
BoltHead2_0.40994847240327464_N-T1-20231211-CRH380AL2611-02-B-02-R-GCGJ-02-08.jpg,False,False
BoltHead2_0.4102061804592643_N-T2-20231212-CRH380AL2611-07-A-01-L-GCGJ-02-08.jpg,False,False
BoltHead2_0.41077626397405337_N-T2-20231212-CRH380AL2611-07-A-01-L-GCGJ-02-08.jpg,False,False
BoltHead2_0.41082250260089503_N-T1-20231220-CRH380AL2632-06-B-02-R-GCGJ-02-08.jpg,False,False
BoltHead2_0.41121851293088313_N-T1-20231211-CRH380AL2611-05-B-02-R-GCGJ-02-08.jpg,False,False
BoltHead2_0.41121990960488397_N-T1-20231212-CRH380AL2611-07-B-02-R-GCGJ-02-08.jpg,False,False
BoltHead2_0.41127511437325587_N-T1-20231212-CRH380AL2611-04-B-02-R-GCGJ-02-08.jpg,False,False
BoltHead2_0.41198369765744_N-T2-20231116-CRH380AL2629-02-A-01-L-GCGJ-02-08.jpg,False,False
BoltHead2_0.4135731614623227_N-T2-20231213-CRH380AL2611-04-A-01-L-GCGJ-02-08.jpg,False,False
BoltHead2_0.41475015830792245_N-T1-20231212-CRH380AL2611-04-B-02-R-GCGJ-02-08.jpg,False,False
BoltHead2_0.4151932586081418_N-T2-20231226-CRH380AL2632-04-A-01-L-GCGJ-02-08.jpg,False,False
BoltHead2_0.4153071390305249_N-T2-20231212-CRH380AL2611-03-A-01-L-GCGJ-02-08.jpg,False,False
BoltHead2_0.4153403469984758_N-T2-20240112-CRH380AL2584-08-A-01-L-GCGJ-02-08.jpg,False,False
BoltHead2_0.4156769651389996_N-T1-20231211-CRH380AL2611-05-B-02-R-GCGJ-02-08.jpg,False,False
BoltHead2_0.4178949812574277_N-T1-20231212-CRH380AL2611-05-B-02-R-GCGJ-02-08.jpg,False,False
BoltHead2_0.4182261621845102_N-T2-20231212-CRH380AL2611-03-A-01-L-GCGJ-02-08.jpg,False,False
BoltHead2_0.41848983557685737_N-T1-20231212-CRH380AL2611-06-B-02-R-GCGJ-02-08.jpg,False,False
BoltHead2_0.41909350541143975_N-T1-20231211-CRH380AL2611-04-B-02-R-GCGJ-02-08.jpg,False,False
BoltHead2_0.41946360959969287_N-T1-20231211-CRH380AL2611-04-B-02-R-GCGJ-02-08.jpg,False,False
BoltHead2_0.42014351609579953_N-T1-20231212-CRH380AL2611-07-B-02-R-GCGJ-02-08.jpg,False,False
BoltHead2_0.4204800141977247_N-T1-20231212-CRH380AL2611-04-B-02-R-GCGJ-02-08.jpg,False,False
BoltHead2_0.4206792722450967_N-T2-20231211-CRH380AL2611-03-A-01-L-GCGJ-02-08.jpg,False,False
BoltHead2_0.42159807467798543_N-T1-20231212-CRH380AL2611-05-B-02-R-GCGJ-02-08.jpg,False,False
BoltHead2_0.4241066836645187_N-T1-20240112-CRH380AL2584-08-B-02-L-GCGJ-02-08.jpg,False,False
BoltHead2_0.4246019528950302_N-T1-20231212-CRH380AL2611-06-B-02-R-GCGJ-02-08.jpg,False,False
BoltHead2_0.4248486131746582_N-T1-20231211-CRH380AL2611-03-B-02-R-GCGJ-02-08.jpg,False,False
BoltHead2_0.42550002577573526_N-T2-20231211-CRH380AL2611-04-A-01-L-GCGJ-02-08.jpg,False,False
BoltHead2_0.4258557421702573_N-T2-20231211-CRH380AL2611-03-A-01-L-GCGJ-02-08.jpg,False,False
BoltHead2_0.42675498773644277_N-T1-20231211-CRH380AL2611-03-B-02-R-GCGJ-02-08.jpg,False,False
BoltHead2_0.4272620171298741_N-T2-20231212-CRH380AL2611-03-A-01-L-GCGJ-02-08.jpg,False,False
BoltHead2_0.4328126173779144_N-T2-20240112-CRH380AL2584-03-A-01-L-GCGJ-02-08.jpg,False,False
BoltHead2_0.43411918371648134_N-T2-20231212-CRH380AL2611-03-A-01-L-GCGJ-02-08.jpg,False,False
BoltHead2_0.4370090791222229_N-T2-20231212-CRH380AL2611-03-A-01-L-GCGJ-02-08.jpg,False,False
BoltHead2_0.43743469975047883_N-T1-20231212-CRH380AL2611-03-B-02-R-GCGJ-02-08.jpg,False,False
BoltHead2_0.43875893860592274_N-T1-20231212-CRH380AL2611-03-B-02-R-GCGJ-02-08.jpg,False,False
BoltHead2_0.43908009263915804_N-T2-20231211-CRH380AL2611-05-A-01-L-GCGJ-02-08.jpg,False,False
BoltHead2_0.43989278583773356_N-T1-20231212-CRH380AL2611-03-B-02-R-GCGJ-02-08.jpg,False,False
BoltHead2_0.4402227751846719_N-T2-20231226-CRH380AL2632-06-A-01-L-GCGJ-02-08.jpg,False,False
BoltHead2_0.4416177291771503_N-T1-20231220-CRH380AL2632-05-B-02-R-GCGJ-02-08.jpg,False,False
BoltHead2_0.44207518251166306_N-T2-20231212-CRH380AL2611-06-A-01-L-GCGJ-02-08.jpg,False,False
BoltHead2_0.4425842091638213_N-T2-20231213-CRH380AL2611-07-A-01-L-GCGJ-02-08.jpg,False,False
BoltHead2_0.4433806999805738_N-T2-20231212-CRH380AL2611-06-A-01-L-GCGJ-02-08.jpg,False,False
BoltHead2_0.44419477360171555_N-T1-20231212-CRH380AL2611-03-B-02-R-GCGJ-02-08.jpg,False,False
BoltHead2_0.44467781702361475_N-T1-20231212-CRH380AL2611-03-B-02-R-GCGJ-02-08.jpg,False,False
BoltHead2_0.4449641428372375_N-T2-20231211-CRH380AL2611-06-A-01-L-GCGJ-02-08.jpg,False,False
BoltHead2_0.4449945106663813_N-T2-20231212-CRH380AL2611-02-A-01-L-GCGJ-02-08.jpg,False,False
BoltHead2_0.44516124349533714_N-T2-20231212-CRH380AL2611-06-A-01-L-GCGJ-02-08.jpg,False,False
BoltHead2_0.4459567763681706_N-T1-20231220-CRH380AL2632-04-B-02-R-GCGJ-02-08.jpg,False,False
BoltHead2_0.4484317779538814_N-T2-20231212-CRH380AL2611-06-A-01-L-GCGJ-02-08.jpg,False,False
BoltHead2_0.4501083431550756_N-T1-20231212-CRH380AL2611-02-B-02-R-GCGJ-02-08.jpg,False,False
BoltHead2_0.4508289227971832_N-T1-20231212-CRH380AL2611-02-B-02-R-GCGJ-02-08.jpg,False,False
BoltHead2_0.4510401376482377_N-T2-20231211-CRH380AL2611-04-A-01-L-GCGJ-02-08.jpg,False,False
BoltHead2_0.4515650752809129_N-T2-20231226-CRH380AL2632-07-A-01-L-GCGJ-02-08.jpg,False,False
BoltHead2_0.4518049415977311_N-T2-20231212-CRH380AL2611-04-A-01-L-GCGJ-02-08.jpg,False,False
BoltHead2_0.4529535511893868_N-T2-20231212-CRH380AL2611-07-A-01-L-GCGJ-02-08.jpg,False,False
BoltHead2_0.454409698722339_N-T2-20231211-CRH380AL2611-06-A-01-L-GCGJ-02-08.jpg,False,False
BoltHead2_0.45483282807691_N-T2-20231207-CRH380AL2584-03-A-01-L-GCGJ-02-08.jpg,False,False
BoltHead2_0.45490160093446913_N-T2-20231213-CRH380AL2611-05-A-01-L-GCGJ-02-08.jpg,False,False
BoltHead2_0.4555216647757114_N-T2-20231212-CRH380AL2611-07-A-01-L-GCGJ-02-08.jpg,False,False
BoltHead2_0.45565741441141816_N-T2-20231220-CRH380AL2632-05-A-01-L-GCGJ-02-08.jpg,False,False
BoltHead2_0.45633314321491775_N-T2-20231220-CRH380AL2632-07-A-01-L-GCGJ-02-08.jpg,False,False
BoltHead2_0.45697555549466434_N-T1-20231213-CRH380AL2611-02-B-02-R-GCGJ-02-08.jpg,False,False
BoltHead2_0.4571933869389102_N-T1-20231212-CRH380AL2611-02-B-02-R-GCGJ-02-08.jpg,False,False
BoltHead2_0.45925333871294616_N-T2-20231220-CRH380AL2632-02-A-01-L-GCGJ-02-08.jpg,False,False
BoltHead2_0.45940472678713173_N-T2-20231212-CRH380AL2611-04-A-01-L-GCGJ-02-08.jpg,False,False
BoltHead2_0.4599554257245459_N-T1-20231212-CRH380AL2611-02-B-02-R-GCGJ-02-08.jpg,False,False
BoltHead2_0.46048974670576936_N-T1-20231211-CRH380AL2611-02-B-02-R-GCGJ-02-08.jpg,False,False
BoltHead2_0.46173841693076223_N-T2-20231222-CRH380AL2614-07-B-01-R-GCGJ-02-11.jpg,False,False
BoltHead2_0.46213295091970746_N-T2-20231211-CRH380AL2611-08-A-01-L-GCGJ-02-08.jpg,False,False
BoltHead2_0.4622790629770391_N-T2-20231211-CRH380AL2611-05-A-01-L-GCGJ-02-08.jpg,False,False
BoltHead2_0.4627706956862605_N-T2-20231220-CRH380AL2632-06-A-01-L-GCGJ-02-08.jpg,False,False
BoltHead2_0.46279453446589597_N-T2-20231226-CRH380AL2632-05-A-01-L-GCGJ-02-08.jpg,False,False
BoltHead2_0.46293572552813395_N-T2-20231212-CRH380AL2611-07-A-01-L-GCGJ-02-08.jpg,False,False
BoltHead2_0.4630301952845261_N-T2-20231212-CRH380AL2611-05-A-01-L-GCGJ-02-08.jpg,False,False
BoltHead2_0.4638928025030391_N-T2-20231211-CRH380AL2611-08-A-01-L-GCGJ-02-08.jpg,False,False
BoltHead2_0.4644750886948163_N-T2-20231212-CRH380AL2611-05-A-01-L-GCGJ-02-08.jpg,False,False
BoltHead2_0.46467661637390884_N-T2-20231212-CRH380AL2611-04-A-01-L-GCGJ-02-08.jpg,False,False
BoltHead2_0.46474423897319267_N-T2-20231212-CRH380AL2611-02-A-01-L-GCGJ-02-08.jpg,False,False
BoltHead2_0.46550805787042787_N-T2-20231212-CRH380AL2611-04-A-01-L-GCGJ-02-08.jpg,False,False
BoltHead2_0.46558495258718424_N-T2-20231212-CRH380AL2611-05-A-01-L-GCGJ-02-08.jpg,False,False
BoltHead2_0.4659175115818391_N-T2-20231212-CRH380AL2611-07-A-01-L-GCGJ-02-08.jpg,False,False
BoltHead2_0.4660696653116853_N-T1-20231211-CRH380AL2611-07-B-02-R-GCGJ-02-08.jpg,False,False
BoltHead2_0.4663102414845384_N-T2-20231212-CRH380AL2611-07-A-01-L-GCGJ-02-08.jpg,False,False
BoltHead2_0.46636226690494315_N-T2-20231211-CRH380AL2611-02-A-01-L-GCGJ-02-08.jpg,False,False
BoltHead2_0.4673675425446461_N-T1-20231226-CRH380AL2632-07-B-02-R-GCGJ-02-08.jpg,False,False
BoltHead2_0.46823469625060876_N-T2-20231226-CRH380AL2632-02-A-01-L-GCGJ-02-08.jpg,False,False
BoltHead2_0.4694898334440639_N-T2-20231212-CRH380AL2611-05-A-01-L-GCGJ-02-08.jpg,False,False
BoltHead2_0.4700252410569769_N-T2-20231218-CRH380AL2636-08-A-01-L-GCGJ-02-08.jpg,False,False
BoltHead2_0.4709395916203823_N-T2-20231212-CRH380AL2611-05-A-01-L-GCGJ-02-08.jpg,False,False
BoltHead2_0.4716217021346085_N-T2-20231220-CRH380AL2632-03-A-01-L-GCGJ-02-08.jpg,False,False
BoltHead2_0.4717317541130642_N-T1-20231226-CRH380AL2632-08-B-02-R-GCGJ-02-08.jpg,False,False
BoltHead2_0.47225301952279897_N-T2-20231220-CRH380AL2632-04-A-01-L-GCGJ-02-08.jpg,False,False
BoltHead2_0.47251652203202643_N-T2-20231212-CRH380AL2611-04-A-01-L-GCGJ-02-08.jpg,False,False
BoltHead2_0.47517596062848033_N-T1-20231212-CRH380AL2611-05-B-02-R-GCGJ-02-08.jpg,False,False
BoltHead2_0.4764145348319259_N-T1-20231220-CRH380AL2632-07-B-02-R-GCGJ-02-08.jpg,False,False
BoltHead2_0.4790228968022144_N-T2-20231220-CRH380AL2632-08-A-01-L-GCGJ-02-08.jpg,False,False
BoltHead2_0.4810498214416966_N-T1-20231220-CRH380AL2632-03-B-02-R-GCGJ-02-08.jpg,False,False
BoltHead2_0.48138241929234254_N-T1-20231213-CRH380AL2611-06-B-02-R-GCGJ-02-08.jpg,False,False
BoltHead2_0.48327070305361136_N-T2-20231226-CRH380AL2632-03-A-01-L-GCGJ-02-08.jpg,False,False
BoltHead2_0.48375516454666284_N-T2-20231226-CRH380AL2632-08-A-01-L-GCGJ-02-08.jpg,False,False
BoltHead2_0.4849104446340042_N-T1-20231212-CRH380AL2611-06-B-02-R-GCGJ-02-08.jpg,False,False
BoltHead2_0.48856035974511486_N-T1-20231226-CRH380AL2632-06-B-02-R-GCGJ-02-08.jpg,False,False
BoltHead3_0.1860247627535593_N-T2-20231220-CRH380AL2614-06-A-01-L-GCGJ-02-08.jpg,False,False
BoltHead3_0.23232204831509065_N-T2-20231222-CRH380AL2614-04-A-01-L-GCGJ-02-08.jpg,False,False
BoltHead3_0.24317515983984758_N-T2-20231222-CRH380AL2614-03-A-01-L-GCGJ-02-08.jpg,False,False
BoltHead3_0.25088974301002775_N-T2-20231220-CRH380AL2614-07-A-01-L-GCGJ-02-08.jpg,False,False
BoltHead3_0.2623887830001006_N-T1-20231222-CRH380AL2614-05-B-02-R-GCGJ-02-08.jpg,False,False
BoltHead3_0.26686710055375934_N-T1-20240112-CRH380AL2584-04-B-02-L-GCGJ-02-08.jpg,False,False
BoltHead3_0.2868522605169302_N-T2-20231220-CRH380AL2614-08-A-01-L-GCGJ-02-08.jpg,False,False
BoltHead3_0.2881548603712506_N-T2-20231222-CRH380AL2614-08-A-01-L-GCGJ-02-08.jpg,False,False
BoltHead3_0.29971448574688714_N-T2-20240112-CRH380AL2584-05-A-01-L-GCGJ-02-08.jpg,False,False
BoltHead3_0.30041926722158874_N-T2-20240112-CRH380AL2584-03-A-01-L-GCGJ-02-08.jpg,False,False
BoltHead3_0.3146683461241476_N-T2-20231220-CRH380AL2614-05-A-01-L-GCGJ-02-08.jpg,False,False
BoltHead3_0.317025596609555_N-T2-20231222-CRH380AL2614-05-A-01-L-GCGJ-02-08.jpg,False,False
BoltHead3_0.33125635938435377_N-T1-20231222-CRH380AL2614-08-B-02-R-GCGJ-02-08.jpg,False,False
BoltHead3_0.3340234252921198_N-T1-20231220-CRH380AL2614-04-B-02-R-GCGJ-02-08.jpg,False,False
BoltHead3_0.34137518354970187_N-T1-20231222-CRH380AL2614-03-B-02-R-GCGJ-02-08.jpg,False,False
BoltHead3_0.3478213655091878_N-T1-20231222-CRH380AL2614-04-B-02-R-GCGJ-02-08.jpg,False,False
BoltHead3_0.3492721503330936_N-T1-20240112-CRH380AL2584-03-B-02-L-GCGJ-02-08.jpg,False,False
BoltHead3_0.3531921905272966_N-T2-20240112-CRH380AL2584-06-A-01-L-GCGJ-02-08.jpg,False,False
BoltHead3_0.3596971485702507_N-T1-20231222-CRH380AL2614-07-B-02-R-GCGJ-02-08.jpg,False,False
BoltHead3_0.3616534787766298_N-T2-20231213-CRH380AL2611-07-A-01-L-GCGJ-02-08.jpg,False,False
BoltHead3_0.36295643591899945_N-T1-20231222-CRH380AL2614-02-B-02-R-GCGJ-02-08.jpg,False,False
BoltHead3_0.3664880065801194_N-T1-20240112-CRH380AL2584-08-B-02-L-GCGJ-02-08.jpg,False,False
BoltHead3_0.37442570675418874_N-T2-20231212-CRH380AL2611-03-A-01-L-GCGJ-02-08.jpg,False,False
BoltHead3_0.3760058219159703_N-T2-20231220-CRH380AL2632-01-B-01-0-TCZD-04-12.jpg,False,False
BoltHead3_0.376945197948_N-T1-20231207-CRH380AL2584-07-B-02-R-GCGJ-02-08.jpg,False,False
BoltHead3_0.3770866743526063_N-T1-20231220-CRH380AL2632-03-B-02-R-GCGJ-02-08.jpg,False,False
BoltHead3_0.3794071626540616_N-T1-20231220-CRH380AL2614-02-B-02-R-GCGJ-02-08.jpg,False,False
BoltHead3_0.3841416071296934_N-T2-20231211-CRH380AL2611-03-A-01-L-GCGJ-02-08.jpg,False,False
BoltHead3_0.3843347933198369_N-T1-20240112-CRH380AL2584-02-B-02-L-GCGJ-02-08.jpg,False,False
BoltHead3_0.38715648950401627_N-T1-20231211-CRH380AL2611-05-B-02-R-GCGJ-02-08.jpg,False,False
BoltHead3_0.38801554818390205_N-T2-20231226-CRH380AL2632-07-A-01-L-GCGJ-02-08.jpg,False,False
BoltHead3_0.39660326111623523_N-T1-20231226-CRH380AL2632-07-B-02-R-GCGJ-02-08.jpg,False,False
BoltHead3_0.401040409694719_N-T1-20231220-CRH380AL2614-05-B-02-R-GCGJ-02-08.jpg,False,False
BoltHead3_0.40260616705036284_N-T2-20231211-CRH380AL2611-08-A-01-L-GCGJ-02-08.jpg,False,False
BoltHead3_0.4031329184750285_N-T1-20231212-CRH380AL2611-03-B-02-R-GCGJ-02-08.jpg,False,False
BoltHead3_0.4034483436817018_N-T2-20231211-CRH380AL2611-05-A-01-L-GCGJ-02-08.jpg,False,False
BoltHead3_0.4036145042921516_N-T1-20231213-CRH380AL2611-02-B-02-R-GCGJ-02-08.jpg,False,False
BoltHead3_0.4063553816823578_N-T2-20231220-CRH380AL2632-02-A-01-L-GCGJ-02-08.jpg,False,False
BoltHead3_0.40747130403413484_N-T2-20231220-CRH380AL2632-07-A-01-L-GCGJ-02-08.jpg,False,False
BoltHead3_0.4082152989017118_N-T1-20231212-CRH380AL2611-02-B-02-R-GCGJ-02-08.jpg,False,False
BoltHead3_0.40965039313926127_N-T2-20231212-CRH380AL2611-06-A-01-L-GCGJ-02-08.jpg,False,False
BoltHead3_0.4102930040607727_N-T2-20231226-CRH380AL2632-05-A-01-L-GCGJ-02-08.jpg,False,False
BoltHead3_0.4103310602777338_N-T2-20231220-CRH380AL2632-05-A-01-L-GCGJ-02-08.jpg,False,False
BoltHead3_0.41137206759043754_N-T1-20231220-CRH380AL2632-02-B-02-R-GCGJ-02-08.jpg,False,False
BoltHead3_0.412403608486194_N-T2-20240112-CRH380AL2584-08-A-01-L-GCGJ-02-08.jpg,False,False
BoltHead3_0.41468773998515285_N-T2-20231218-CRH380AL2636-08-A-01-L-GCGJ-02-08.jpg,False,False
BoltHead3_0.415710711568486_N-T1-20231212-CRH380AL2611-02-B-02-R-GCGJ-02-08.jpg,False,False
BoltHead3_0.41610083829681077_N-T1-20231211-CRH380AL2611-02-B-02-R-GCGJ-02-08.jpg,False,False
BoltHead3_0.41639604523386325_N-T2-20231211-CRH380AL2611-03-A-01-L-GCGJ-02-08.jpg,False,False
BoltHead3_0.41697458862236847_N-T1-20231212-CRH380AL2611-02-B-02-R-GCGJ-02-08.jpg,False,False
BoltHead3_0.41738578989683656_N-T1-20231212-CRH380AL2611-02-B-02-R-GCGJ-02-08.jpg,False,False
BoltHead3_0.41854733036504443_N-T2-20231212-CRH380AL2611-06-A-01-L-GCGJ-02-08.jpg,False,False
BoltHead3_0.4186061491451172_N-T1-20231211-CRH380AL2611-02-B-02-R-GCGJ-02-08.jpg,False,False
BoltHead3_0.4194222520548211_N-T2-20231211-CRH380AL2611-08-A-01-L-GCGJ-02-08.jpg,False,False
BoltHead3_0.4205176690635581_N-T2-20231212-CRH380AL2611-03-A-01-L-GCGJ-02-08.jpg,False,False
BoltHead3_0.4210958474205407_N-T2-20231211-CRH380AL2611-08-A-01-L-GCGJ-02-08.jpg,False,False
BoltHead3_0.42138219608020966_N-T2-20231212-CRH380AL2611-03-A-01-L-GCGJ-02-08.jpg,False,False
BoltHead3_0.421552821990561_N-T2-20231212-CRH380AL2611-03-A-01-L-GCGJ-02-08.jpg,False,False
BoltHead3_0.42259968228429223_N-T2-20231226-CRH380AL2632-04-A-01-L-GCGJ-02-08.jpg,False,False
BoltHead3_0.42410446665789625_N-T2-20231222-CRH380AL2614-07-B-01-R-GCGJ-02-11.jpg,False,False
BoltHead3_0.4262195167847953_N-T2-20240112-CRH380AL2584-07-A-01-L-GCGJ-02-08.jpg,False,False
BoltHead3_0.4285013472065275_N-T1-20231212-CRH380AL2611-06-B-02-R-GCGJ-02-08.jpg,False,False
BoltHead3_0.43325985598016986_N-T2-20231220-CRH380AL2632-04-A-01-L-GCGJ-02-08.jpg,False,False
BoltHead3_0.4345452367308614_N-T2-20231211-CRH380AL2611-07-A-01-L-GCGJ-02-08.jpg,False,False
BoltHead3_0.43479564984456487_N-T1-20231220-CRH380AL2632-05-B-02-R-GCGJ-02-08.jpg,False,False
BoltHead3_0.4351823115438866_N-T2-20231220-CRH380AL2632-06-A-01-L-GCGJ-02-08.jpg,False,False
BoltHead3_0.43730153213539336_N-T1-20240112-CRH380AL2584-06-B-02-L-GCGJ-02-08.jpg,False,False
BoltHead3_0.4392239302960518_N-T2-20231211-CRH380AL2611-02-A-01-L-GCGJ-02-08.jpg,False,False
BoltHead3_0.4417501923476562_N-T1-20231220-CRH380AL2632-06-B-02-R-GCGJ-02-08.jpg,False,False
BoltHead3_0.44295887091977737_N-T1-20231226-CRH380AL2632-08-B-02-R-GCGJ-02-08.jpg,False,False
BoltHead3_0.4441603444790408_N-T2-20231212-CRH380AL2611-02-A-01-L-GCGJ-02-08.jpg,False,False
BoltHead3_0.4460242323041186_N-T1-20231220-CRH380AL2632-07-B-02-R-GCGJ-02-08.jpg,False,False
BoltHead3_0.44782967743721863_N-T2-20231212-CRH380AL2611-02-A-01-L-GCGJ-02-08.jpg,False,False
BoltHead3_0.4481052692052428_N-T2-20231226-CRH380AL2632-08-A-01-L-GCGJ-02-08.jpg,False,False
BoltHead3_0.4483076885725192_N-T2-20231212-CRH380AL2611-02-A-01-L-GCGJ-02-08.jpg,False,False
BoltHead3_0.4486077221971634_N-T2-20231220-CRH380AL2632-08-A-01-L-GCGJ-02-08.jpg,False,False
BoltHead3_0.4524172410401816_N-T2-20231211-CRH380AL2611-07-A-01-L-GCGJ-02-08.jpg,False,False
BoltHead3_0.4524922044856053_N-T2-20231212-CRH380AL2611-07-A-01-L-GCGJ-02-08.jpg,False,False
BoltHead3_0.45290742529774025_N-T2-20231212-CRH380AL2611-02-A-01-L-GCGJ-02-08.jpg,False,False
BoltHead3_0.454147739301052_N-T2-20231220-CRH380AL2632-03-A-01-L-GCGJ-02-08.jpg,False,False
BoltHead3_0.4551855290680798_N-T2-20231211-CRH380AL2611-07-A-01-L-GCGJ-02-08.jpg,False,False
BoltHead3_0.45564064737656756_N-T1-20231220-CRH380AL2632-08-B-02-R-GCGJ-02-08.jpg,False,False
BoltHead3_0.45633131246485714_N-T2-20231220-CRH380AL2632-02-A-01-L-GCGJ-02-08.jpg,False,False
BoltHead3_0.45808273812757405_N-T2-20231226-CRH380AL2632-02-A-01-L-GCGJ-02-08.jpg,False,False
BoltHead3_0.4585095483106364_N-T2-20231211-CRH380AL2611-02-A-01-L-GCGJ-02-08.jpg,False,False
BoltHead3_0.4618130432245803_N-T2-20231212-CRH380AL2611-07-A-01-L-GCGJ-02-08.jpg,False,False
BoltHead3_0.4647139035523368_N-T2-20231226-CRH380AL2632-06-A-01-L-GCGJ-02-08.jpg,False,False
BoltHead3_0.46571865935839085_N-T1-20231226-CRH380AL2632-06-B-02-R-GCGJ-02-08.jpg,False,False
BoltHead3_0.47646190691491525_N-T2-20231226-CRH380AL2632-03-A-01-L-GCGJ-02-08.jpg,False,False
BoltHead4_0.19060089678147_N-T2-20240112-CRH380AL2584-03-A-01-L-GCGJ-02-08.jpg,False,False
BoltHead4_0.2777542843741603_N-T2-20231222-CRH380AL2614-05-A-01-L-GCGJ-02-08.jpg,False,False
BoltHead4_0.28697129769396873_N-T2-20231220-CRH380AL2614-06-A-01-L-GCGJ-02-08.jpg,False,False
BoltHead4_0.3026784956825701_N-T1-20231220-CRH380AL2614-02-B-02-R-GCGJ-02-08.jpg,False,False
BoltHead4_0.31188652807387_N-T1-20240112-CRH380AL2584-06-B-02-L-GCGJ-02-08.jpg,False,False
BoltHead4_0.3226843509904896_N-T1-20231222-CRH380AL2614-03-B-02-R-GCGJ-02-08.jpg,False,False
BoltHead4_0.3236448074666963_N-T1-20231220-CRH380AL2614-05-B-02-R-GCGJ-02-08.jpg,False,False
BoltHead4_0.32651499007286705_N-T2-20240112-CRH380AL2584-04-A-01-L-GCGJ-02-08.jpg,False,False
BoltHead4_0.32993861106580463_N-T1-20231222-CRH380AL2614-05-B-02-R-GCGJ-02-08.jpg,False,False
BoltHead4_0.33124383650562716_N-T1-20231222-CRH380AL2614-02-B-02-R-GCGJ-02-08.jpg,False,False
BoltHead4_0.3489980886567495_N-T2-20240112-CRH380AL2584-08-A-01-L-GCGJ-02-08.jpg,False,False
BoltHead4_0.3760466024662876_N-T2-20231212-CRH380AL2611-02-A-01-L-GCGJ-02-08.jpg,False,False
BoltHead4_0.38239469118874486_N-T2-20231211-CRH380AL2611-03-A-01-L-GCGJ-02-08.jpg,False,False
BoltHead4_0.38499067074257226_N-T1-20231220-CRH380AL2632-06-B-02-R-GCGJ-02-08.jpg,False,False
BoltHead4_0.38620891439956656_N-T2-20231226-CRH380AL2632-02-A-01-L-GCGJ-02-08.jpg,False,False
BoltHead4_0.3874820972027529_N-T2-20231212-CRH380AL2611-03-A-01-L-GCGJ-02-08.jpg,False,False
BoltHead4_0.3922798990773203_N-T2-20231212-CRH380AL2611-03-A-01-L-GCGJ-02-08.jpg,False,False
BoltHead4_0.39392779726185795_N-T2-20231212-CRH380AL2611-03-A-01-L-GCGJ-02-08.jpg,False,False
BoltHead4_0.40113148184778297_N-T2-20231212-CRH380AL2611-03-A-01-L-GCGJ-02-08.jpg,False,False
BoltHead4_0.40990162020649057_N-T2-20231226-CRH380AL2632-06-A-01-L-GCGJ-02-08.jpg,False,False
BoltHead4_0.4107037534227539_N-T2-20231220-CRH380AL2632-06-A-01-L-GCGJ-02-08.jpg,False,False
BoltHead4_0.4153077450411053_N-T2-20231211-CRH380AL2611-08-A-01-L-GCGJ-02-08.jpg,False,False
BoltHead4_0.4178513098151282_N-T2-20231211-CRH380AL2611-08-A-01-L-GCGJ-02-08.jpg,False,False
BoltHead4_0.4199140097230153_N-T2-20231211-CRH380AL2611-03-A-01-L-GCGJ-02-08.jpg,False,False
BoltHead4_0.4204893583927403_N-T1-20231226-CRH380AL2632-06-B-02-R-GCGJ-02-08.jpg,False,False
BoltHead4_0.42483483595012406_N-T2-20231211-CRH380AL2611-08-A-01-L-GCGJ-02-08.jpg,False,False
BoltHead4_0.4280568106636518_N-T2-20231220-CRH380AL2632-03-A-01-L-GCGJ-02-08.jpg,False,False
BoltHead4_0.44204549150506683_N-T2-20231226-CRH380AL2632-03-A-01-L-GCGJ-02-08.jpg,False,False
BoltHead4_0.45333839506647117_N-T1-20231220-CRH380AL2632-08-B-02-R-GCGJ-02-08.jpg,False,False
BoltHead4_0.45627128500451997_N-T2-20231220-CRH380AL2632-08-A-01-L-GCGJ-02-08.jpg,False,False
BoltHead4_0.45633131246485714_N-T2-20231220-CRH380AL2632-02-A-01-L-GCGJ-02-08.jpg,False,False
BoltHead4_0.4597345215149895_N-T2-20231220-CRH380AL2632-04-A-01-L-GCGJ-02-08.jpg,False,False
BoltHead4_0.46030320788036816_N-T2-20231226-CRH380AL2632-05-A-01-L-GCGJ-02-08.jpg,False,False
BoltHead4_0.4641115339289562_N-T1-20231220-CRH380AL2632-05-B-02-R-GCGJ-02-08.jpg,False,False
BoltHead4_0.4642927844783002_N-T2-20231226-CRH380AL2632-08-A-01-L-GCGJ-02-08.jpg,False,False
BoltHead4_0.4715945207831392_N-T2-20231226-CRH380AL2632-04-A-01-L-GCGJ-02-08.jpg,False,False
BoltHead5_0.3140747147156037_N-T2-20240112-CRH380AL2584-08-A-01-L-GCGJ-02-08.jpg,False,False
BoltHead_20231114104620_7885.jpg,False,False
BoltHead_20231114104620_8004.jpg,False,False
BoltHead_20231114104620_8077.jpg,False,False
BoltHead_20231114104621_7735.jpg,False,False
BoltHead_20231114104621_8052.jpg,False,False
BoltHead_20231114104621_8105.jpg,False,False
BoltHead_20231114104621_8120.jpg,False,False
BoltHead_20231114104622_7905.jpg,False,False
BoltHead_20231114104622_7963.jpg,False,False
BoltHead_20231114104622_8019.jpg,False,False
BoltHead_20231114104622_8109.jpg,False,False
BoltHead_20231114104622_8209.jpg,False,False
BoltHead_20231114104623_6905.jpg,False,False
BoltHead_20231114104623_7227.jpg,False,False
BoltHead_20231114104623_7395.jpg,False,False
BoltHead_20231114104623_7576.jpg,False,False
BoltHead_20231114104623_7973.jpg,False,False
BoltHead_20231114104623_7985.jpg,False,False
BoltHead_20231114104623_7991.jpg,False,False
BoltHead_20231114104623_7994.jpg,False,False
BoltHead_20231114104624_7442.jpg,False,False
BoltHead_20231114104624_7473.jpg,False,False
BoltHead_20231114104624_7611.jpg,False,False
BoltHead_20231114104624_7733.jpg,False,False
BoltHead_20231114104624_7936.jpg,False,False
BoltHead_20231114104625_7211.jpg,False,False
BoltHead_20231114104625_7555.jpg,False,False
BoltHead_20231114104625_7720.jpg,False,False
BoltHead_20231114104625_7794.jpg,False,False
BoltHead_20231114104625_7825.jpg,False,False
BoltHead_20231114104626_7712.jpg,False,False
BoltHead_20231114104626_7819.jpg,False,False
BoltHead_20231114104626_7924.jpg,False,False
BoltHead_20231114104626_8078.jpg,False,False
BoltHead_20231129230305_7410.jpg,False,False
BoltHead_20231129230307_8002.jpg,False,True
BoltHead_20231129230308_5869.jpg,False,False
BoltHead_20231129230308_6858.jpg,False,False
BoltHead_20231129230308_7931.jpg,False,True
BoltHead_20231129230308_7949.jpg,False,True
BoltHead_20231129230308_7994.jpg,False,False
BoltHead_20231129230308_8296.jpg,False,False
F0001s4.jpg,True,True
F00038.jpg,True,True
F00051.jpg,True,True
F0006d112.jpg,True,True
F0006d113.jpg,True,True
F0006d114.jpg,True,True
F0006d115.jpg,True,True
F0006t6.jpg,True,True
F00074.jpg,True,True
F0007t9.jpg,True,True
F0008d111.jpg,True,True
F0009t2.jpg,True,True
F00107.jpg,True,True
F0010t5.jpg,True,True
F00129.jpg,True,True
F0012t3.jpg,True,True
F0012t4.jpg,True,True
F00153.jpg,True,True
F0015t8.jpg,True,False
F001s7.jpg,True,True
F002d113.jpg,True,True
F003d112.jpg,True,True
F003d113.jpg,True,True
F003t9.jpg,True,True
F005d115.jpg,True,True
F0068.jpg,True,True
F006t4.jpg,True,True
F006t5.jpg,True,True
F0074.jpg,True,True
F007t10.jpg,True,True
F007t8.jpg,True,True
F00810.jpg,True,True
F008t1.jpg,True,True
F0099.jpg,True,True
F009t8.jpg,True,True
F010d113.jpg,True,True
F011d115.jpg,True,True
F01214.jpg,True,True
F0126.jpg,True,True
F0127.jpg,True,True
F012d114.jpg,True,True
F014t1.jpg,True,True
F014t7.jpg,True,True
F015d113.jpg,True,True
F015d116.jpg,True,True
F018d115.jpg,True,True
F022d111.jpg,True,True
F025d113.jpg,True,True
F025d114.jpg,True,True
F06t6.jpg,True,True
F1.jpg,True,True
F13t6.jpg,True,True
F18d113.jpg,True,True
FF0003d114.jpg,True,True
FF0003d115.jpg,True,True
FF0008t3.jpg,True,True
FF0010t3.jpg,True,True
FF0010t4.jpg,True,True
FF00124.jpg,True,True
FF0016t2.jpg,True,True
FF01218.jpg,True,True
FFFF0016t3.jpg,True,True
Flloose18.jpg,True,True
Flloose2.jpg,True,True
Floose17.jpg,True,True
Floose2.jpg,True,True
Floose20.jpg,True,True
